Model,Accuracy,Precision,Recall,F1-Score,ROC-AUC
Random Forest,0.8425,0.6084905660377359,0.6339066339066339,0.6209386281588448,0.8560409407867035
LightGBM,0.828,0.567741935483871,0.6486486486486487,0.6055045871559633,0.8479835767971361
XGBoost,0.836,0.5860566448801743,0.6609336609336609,0.6212471131639723,0.8470596945173215
Logistic Regression,0.779,0.4726134585289515,0.742014742014742,0.5774378585086042,0.8464473718711008
Decision Tree,0.7735,0.4640625,0.7297297297297297,0.5673352435530086,0.8021673445402259
